ContextID	Compound	Mod	Head	Context
NCTTI-0000	academy award	academy	award	lardner shared an academy award for best original screenplay with michael kanin in 1942 for woman of the year
NCTTI-0001	academy award	academy	award	academy award winner whoopi goldberg ( ghost ) stars as a sassy lounge singer forced to hide in a quiet convent .
NCTTI-0002	acid test	acid	test	on the fate of the acle straight within weeks . this is seen as an acid test of the government ' s commitment to protecting our most valuable environments ( 3 ) .
NCTTI-0003	acid test	acid	test	such markers ' whilst being ungodly even , unconverted underneath . the acid test of how i am spiritually is not those externals but the character - change worked by jesus
NCTTI-0004	acid test	acid	test	. they suggest a and having absorbed alcohol is concerned . wall street is kool - aid acid test life as an in the midst . with ethical problems institute author sells big new
NCTTI-0005	agony aunt	agony	aunt	"feel as if this baby is more important than they are . "" counsellor and agony aunt suzie hayman , author of the relate guide to second families ( vermilion ) ,"
NCTTI-0006	agony aunt	agony	aunt	the bottom fell out of the knob business . bob ' s probs - bob ' s agony aunt phone line went out of business because bob kept laughing at peoples problems . your
NCTTI-0007	agony aunt	agony	aunt	challenging test . i think it must sound as if it were written to an agony aunt asking for help . ps . i have the same problems writing in my own
NCTTI-0008	ancient history	ancient	history	the days of triple - digit growth now seem like ancient history .
NCTTI-0009	ancient history	ancient	history	so be brave , be ready to change your views or be ancient history .
NCTTI-0010	application form	application	form	in a christian preaching ministry in any denomination for at least two years . the application form for the mth course is available on the spurgeon ' s or as a download (
NCTTI-0011	application form	application	form	to apply click on the apply now ' link and fill in our online application form . we look forward to hearing from you . using ict in foundation stage teaching
NCTTI-0012	application form	application	form	capture / forms processing software . forms processing can enable documents such as surveys , application forms , invoices and questionnaires to be scanned and automatically processed to a database . the
NCTTI-0013	arcade game	arcade	game	the monkey in the game is king kong and it is another version of the classic arcade game donkey kong .
NCTTI-0014	arcade game	arcade	game	pac - man - play the most popular arcade game of all time !
NCTTI-0015	armchair critic	armchair	critic	he will be quoted as an example of ' all that is wrong with the game ' by every armchair critic in wales .
NCTTI-0016	armchair critic	armchair	critic	i caught the train to get back home to be an armchair critic of england ' s football team performance against jamaica .
NCTTI-0017	baby blues	baby	blues	while as many as 80 % of mothers experience a temporary and mild condition referred to as the baby blues , up to 15 % of women have the more severe reaction you ' re experiencing .
NCTTI-0018	baby buggy	baby	buggy	can i take my baby buggy on to the london eye ?
NCTTI-0019	baby buggy	baby	buggy	a british company has launched the world ' s first baby buggy with a pollution proof passenger capsule .
NCTTI-0020	backroom boy	backroom	boy	there are lots of technical and scientific staff whom you never see who are deeply involved in your disease : they often get forgotten as ' backroom boys and girls '
NCTTI-0021	bad apple	bad	apple	the problem for them , of course , is how to explain how these few bad apples managed to stay in place for so many years .
NCTTI-0022	bad apple	bad	apple	however it ' s the same old story : a few bad apples and we all get it in the neck !
NCTTI-0023	bad hat	bad	hat	one month later still another bad hat came along to further harass him
NCTTI-0024	bad hat	bad	hat	the jury heard the evidence presented , that he was general bad hat .
NCTTI-0025	balance sheet	balance	sheet	in the enron corp . ' s partnerships which were not even entered on enron ' s balance sheet because derivatives are still unregulated and do n ' t have to be reported . and once
NCTTI-0026	balance sheet	balance	sheet	to translate into something that can be finessed down to a statutory line on the balance sheet . having said that though , using reliable valuation models and clearly constructed benchmarks by
NCTTI-0027	balance sheet	balance	sheet	purpose for which the assets are held . explain how the financial position at the balance sheet date will affect the future commitments of the charity . give reasons for any change
NCTTI-0028	banana republic	banana	republic	the result is our roads are more congested than ever before ; so congested , indeed , that we seem less like the world ' s fourth - largest economy and more like the most inept banana republic .
NCTTI-0029	bank account	bank	account	you can pay with bank transfer directly into our bank accounts . we hold them in the cattle bank in nebraska , usa , and with branches of the hsbc
NCTTI-0030	bank account	bank	account	away holiday autos and put ¬£ 50 m , ¬£ 100 m , in my bank account i would be very , very upset . √¢ ¬ä ¬ù that√¢ ¬ä ¬ô s
NCTTI-0031	bank account	bank	account	". "" more and more malware is being written by criminals , designed to steal bank account information from innocent computer users , "" continued cluley . "" all internet users need"
NCTTI-0032	bankruptcy proceeding	bankruptcy	proceeding	geoffrey richmond was today the subject of bankruptcy proceedings at leeds crown court with debts of around £ 3 . 3 million following the collapse of a business .
NCTTI-0033	bankruptcy proceeding	bankruptcy	proceeding	they are aware that funds / assets in the bankruptcy proceedings cannot be made available for the payment of their fees .
NCTTI-0034	basket case	basket	case	i ' d forgotten what a basket case i am at the end of pregnancy ( mind you , last time i was for the whole 9 months !
NCTTI-0035	benign tumour	benign	tumour	prince came onboard to have a large benign tumour removed from his head .
NCTTI-0036	benign tumour	benign	tumour	we were told at that time it was a slow growing benign tumour and to watch and wait .
NCTTI-0037	benign tumour	benign	tumour	completely benign tumour is oncocytoma ( it represents about 5 % of all kidney tumors ) .
NCTTI-0038	best man	best	man	all stories aside neil is a great mate and it made me extremely proud to be asked to be his best man
NCTTI-0039	best man	best	man	a best man speech should be like a mini skirt , short enough to be interesting , but long enough to cover the essentials
NCTTI-0040	big cheese	big	cheese	i ' ve just spent a week trawling round silicon valley , talking to a mix of developers , entrepreneurs , venture capitalists , industry observers and big cheeses from well established companies .
NCTTI-0041	big fish	big	fish	the criminals are after big fishes than journalists , and usually concentrate on the richer countries .
NCTTI-0042	big fish	big	fish	the big fish will always claim the best lies , with smaller fish in progressively less pleasant lies .
NCTTI-0043	big picture	big	picture	whilst we ' re relieved that this is the outcome of the chancellor ' s deliberations over uk sports ' proposals , the government also has to look at the big picture .
NCTTI-0044	big picture	big	picture	going to india has made me much more confident and self - assured and also opened my eyes to the much big picture .
NCTTI-0045	big picture	big	picture	don ' t become so wrapped up in schemes or projects that you take your eye off the big picture
NCTTI-0046	big wig	big	wig	the popstar turned dj has been booked as a panellist on the bbc ' s question time , a slot more usually reserved for political big wigs and the like .
NCTTI-0047	biological clock	biological	clock	the biological clock ticks — but slowly it is not so bad to delay having a first baby until your thirties , according to professor john mirowsky .
NCTTI-0048	biological clock	biological	clock	closely allied to these theories is that of the biological clock with triggers at certain stages of development for the ageing process
NCTTI-0049	biological clock	biological	clock	in mammals , the biological clock is controlled from the suprachaismatic nucleus ( scn ) , an area of the brain in the hypothalamus .
NCTTI-0050	birth rate	birth	rate	the birth rate necessary for a nation to reproduce itself is 2 . 2 children per couple .
NCTTI-0051	birth rate	birth	rate	the government still promotes and funds abortion and other measures designed to cut the birth rate .
NCTTI-0052	black box	black	box	smart sensors are sold as black boxes despite the fact that their safety justification might require knowledge of their internal structure and development process .
NCTTI-0053	black box	black	box	my marriage had exploded in midair , and all i could do was search the rubble for some sign of a probable cause , some telltale black box .
NCTTI-0054	black box	black	box	if the black box flight recorder is never damaged during a plane crash , why is n ' t the whole aeroplane made out of the stuff ?
NCTTI-0055	black cherry	black	cherry	plum and black cherry scented , this can be enjoyed now or cellared .
NCTTI-0056	black operation	black	operation	on the one hand the cia acquired $ 4 billion for use in future black operations .
NCTTI-0057	black operation	black	operation	"lansdale ' s job was to provide "" actors "" for certain black operations deployed by the covert operatives ."
NCTTI-0058	blame game	blame	game	", and then returning home to play to their national audiences , with "" the blame game "" against eu institutions . "" if there is not enough democratic development , not"
NCTTI-0059	blame game	blame	game	or more efficient than before . while the mayor and transport for london play the blame game , pointing at past governments and private contractors , londoners can look forward to a
NCTTI-0060	blame game	blame	game	basic as a parking spot is utterly unacceptable . mid - east crisis is beyond talking the blame game started in earnest this weekend after yet more carnage in the middle east . thousands
NCTTI-0061	blind alley	blind	alley	the science of economics has been led up a blind alley by theories that have made it seem increasingly remote and unreal to anyone outside the academic community .
NCTTI-0062	blind alley	blind	alley	there have been several blind alleys and wrong turnings , but the company ' s progress has generally been true to the original concept .
NCTTI-0063	blood bath	blood	bath	what was meant to be the perfect crime turns into a nasty gang war resulting in a blood bath on the glorious streets of 1950s paris .
NCTTI-0064	blood bath	blood	bath	kurds now stuck in kirkuk fear the same kind of blood bath if iraqi troops decide to stand and fight any u . s . military assault on the city , ali said .
NCTTI-0065	blue blood	blue	blood	the cloister attracted vacationing blue bloods , drawn by its old world ambience - the coolidges , the eisenhowers and carters would come to play bingo in the lounge and dance the cha - cha in the ballroom .
NCTTI-0066	blue blood	blue	blood	in fact she had seriously blue blood flowing in her veins and had important dynastic links with the royal family itself .
NCTTI-0067	blue blood	blue	blood	european blue bloods , in particular britain ' s royal family who were related to the russian imperial house , did all they could to aid their overthrow .
NCTTI-0068	blue print	blue	print	our free health check will give you the blue print to identify , select and measure the key metrics to enable you to better manage your service delivery .
NCTTI-0069	blue print	blue	print	projects of reclamation both connect us in a struggle for social justice and also provide a blue print for more dynamic modes of existence .
NCTTI-0070	blue print	blue	print	an architectures isn ' t a blue print for designing a single systems , but a framework for designing a range of systems over time .
NCTTI-0071	bow tie	bow	tie	blood had also dripped onto the judge ' s striped bow tie .
NCTTI-0072	box office	box	office	arguably the king of comedy for the last ten years , jim carrey is box office gold .
NCTTI-0073	box office	box	office	angel heart was a critical and box office success - two facets that strongly contrasted with adrian lyne ' s jacob ' s ladder .
NCTTI-0074	brain drain	brain	drain	"a flow of scientists in both directions between the us and europe would make the perceived "" brain drain "" of researchers to the former much less of a problem ."
NCTTI-0075	brain teaser	brain	teaser	you may occasionally enjoy a good spirited debate or a ' brain teaser ' .
NCTTI-0076	brain teaser	brain	teaser	sudoku is a game of pure logic , an addictive brain teaser .
NCTTI-0077	brass ring	brass	ring	courtney to tori amos . which does n ' t mean the bends wo n ' t grab that brass ring . but it ' ll be a difficult stretch . 8 / 10 nude as the
NCTTI-0078	brass ring	brass	ring	of years ago - as a writing desk . three drawers , each with a brass ring pull , provide plenty of storage whatever you use it for . made from reclaimed
NCTTI-0079	brass ring	brass	ring	inferiority complex and left radiohead and james the last great u . k . hopes for america ' s brass ring . radiohead ' s reach may fall short with the bends , a sonically ambitious album
NCTTI-0080	brick wall	brick	wall	of the merits of the case . the 3 month limit though is not a brick wall , if circumstances demand an extention of time , then it is in the discretion
NCTTI-0081	brick wall	brick	wall	1975 . a couple of years later another female who apparently vanished on reaching a brick wall , was observed near traitor ' s gate . top westminster abbey victoria street london sw
NCTTI-0082	brick wall	brick	wall	"the landward side but sloping down steeply to a wooden door set in the high brick wall to seaward . "" 7 tower 28 is recognisable not only from the above description"
NCTTI-0083	bull market	bull	market	taking out the recent bull market , however , it did not even double in value in the 25 years to 1994 .
NCTTI-0084	bull market	bull	market	the three year bull market in equities has certainly boosted the fortunes of these companies by increasing the value of their assets .
NCTTI-0085	bull market	bull	market	the directors consider that uranium is in the early stages of a secular bull market .
NCTTI-0086	busy bee	busy	bee	i love being a busy bee but i would like a bit of ' jill ' time .
NCTTI-0087	busy bee	busy	bee	busy like a busy bee you may have noticed that i have been very quiet of late .
NCTTI-0088	cable car	cable	car	every day offers a new and exciting trip as cable cars and funicular railways transport you throughout the region with absolute swiss precision .
NCTTI-0089	call centre	call	centre	results private from the employee operator - particularly useful in an environment such as a call centre where higher levels of insider theft traditionally occur . uru ? allows the employee to
NCTTI-0090	call centre	call	centre	reduce costs . the most obvious way to cut these costs is by driving expensive call centre interactions onto the web . as the pressure grows to meet the targets set out
NCTTI-0091	call centre	call	centre	of investment in adria over the last few years together with seagate and a major call centre with stream . increasingly in an international business environment , competition had grown considerably .
NCTTI-0092	car park	car	park	delightful en - suite bedrooms , cosy dining room and conservatory lounge overlooking our gardens and private car park . non smoking . waterbury guest house murthly terrace , birnam , perthshire , ph
NCTTI-0093	car park	car	park	on the left . we are the building on the left as you enter the car park . directions from railway station turn right from station and then right again at mini
NCTTI-0094	car park	car	park	"of duty on the part of wealden district council over many years that no such car park exists . "" looking at the group seated around the dinner table , it is"
NCTTI-0095	carpet bombing	carpet	bombing	in a continent that had recently experienced carpet bombing and the death - camps the resonance of titus was obvious .
NCTTI-0096	case study	case	study	high performing leader and demonstrates how to sustain competitive advantage in business . this unique case study considers research into personal and management competencies , emotional intelligence , motivation and team dynamics
NCTTI-0097	cash cow	cash	cow	at the back there . grammar makes for good headlines , unlikely best - sellers and elt cash cows because deep down and for all sorts of reasons we wish it would do a
NCTTI-0098	cash cow	cash	cow	all of the telcos in europe woke up in a sweat , realising that their cash cows were shrinking . any fixed minute growth was mainly down to internet dialup , but
NCTTI-0099	cash cow	cash	cow	your character for the same price . overall the whole operation seems like a cynical cash cow . posted by : kadayi at april 5 , 2006 0 2 : 0 9
NCTTI-0100	cellular phone	cellular	phone	pc tries to improve on cellular phone privacy and security by incorporating cryptographic techniques .
NCTTI-0101	cellular phone	cellular	phone	when your cellular phone batteries aren ' t kept fully charged , it will die in the middle of conversations .
NCTTI-0102	chain reaction	chain	reaction	more modern methods are used to amplify portions of dna , typified by the polymerase chain reaction ( pcr ) . the use of dna sequencing has rendered distance measures such as
NCTTI-0103	chain reaction	chain	reaction	in such a tense situation even a small little incident can result in a chain reaction which nobody will be able to control . a major conflict could
NCTTI-0104	chain reaction	chain	reaction	"but the water in those seas would have been cool enough to allow the chemical chain reactions required by "" spontaneous animation . "" so among darwinists there arose a broad consensus"
NCTTI-0105	cheat sheet	cheat	sheet	malaya , africa , etc . designed for skirmish to company level games . includes cheat sheet ' . . . . 5 . 75 ( plus 70 p p & p ) feba +
NCTTI-0106	cheat sheet	cheat	sheet	of poker champion free full poker strip videos play for fun video poker video poker cheat sheet cheap folding poker table texas hold em poker strategy on the pooled rule the world
NCTTI-0107	cheat sheet	cheat	sheet	"english "" get in , get out "" information icons and other navigational aids tear - out cheat sheet top ten lists a dash of humor and fun discover how to : balance your"
NCTTI-0108	china clay	china	clay	the ' lunar ' qualities of the landscape , dramatically shaped by the working of china clay , forming peaks and platforms of waste sand and pits often flooded with turquoise green
NCTTI-0109	china clay	china	clay	, turning newquay from a fishing to a commodity port loading tin , lead and china clay . the famous six - oared gigs you can watch in harbour races originally competed to put
NCTTI-0110	china clay	china	clay	. prepare to be astounded by the scale of this attraction built in an old china clay pit . local attractions : * golf - reduced fee * tennis * 1 mile
NCTTI-0111	civil marriage	civil	marriage	the ban on same - sex civil marriage defines lesbian and gay couples as second - class citizens .
NCTTI-0112	civil marriage	civil	marriage	a civil marriage or civil partnership can be conducted in either a register office or an approved premise licensed by the local authority .
NCTTI-0113	civil marriage	civil	marriage	the restaurant also specialises in wedding receptions and is licensed for civil marriage ceremonies .
NCTTI-0114	climate change	climate	change	more energy - saving cars . last and not least , at the international summit meeting on climate change in kyoto in 1997 , all countries agreed to make cuts in their production of
NCTTI-0115	climate change	climate	change	. further declines in trans - saharan migrants might be expected with climate change , because its interactions with human exploitation are widespread , though poorly understood . examples include : changes in
NCTTI-0116	climate change	climate	change	wait until the predictions are more certain before taking action to control or prepare for climate change ? this is not a scientific question and , hence , outside the remit of
NCTTI-0117	close call	close	call	it ' s going to be a close call as both teams will be expecting to beat the other .
NCTTI-0118	closed book	closed	book	the mentality of the average foreigner is a closed book to us .
NCTTI-0119	cloud nine	cloud	nine	"her to do any more work that night was an impossibility ; she was on cloud nine ! ¬î remembers fenia . "" jill was not only a genuine and natural warm"
NCTTI-0120	cloud nine	cloud	nine	sat in . ljayrod @ aol . com rs - ford ' s comments : looks good you must be on cloud nine ! ! ! looks really good on the grass where did you find the same shade as
NCTTI-0121	cloud nine	cloud	nine	with nature ladybirds ; they do n ' t make a meal of aphids uea team on cloud nine compost is not just a load of old rubbish storm forecasts have real value volcanoes
NCTTI-0122	cocktail dress	cocktail	dress	ladies ) . formal evenings require a suit or dinner jacket for men and a cocktail dress for ladies . the rating for children is very good . facilities for children are
NCTTI-0123	cocktail dress	cocktail	dress	to find a vest - top . no matter that said vest - top is 200 , or a cocktail dress almost 1 , 000 - women still ca n ' t get enough of those colourful prints . at
NCTTI-0124	cocktail dress	cocktail	dress	at the museum , such as a home guard uniform and even a 1940 s cocktail dress owned by the mayor of oxford ' s wife . there are also civil defence plans
NCTTI-0125	cocoa butter	cocoa	butter	hear all about the fascinating stages of chocolate making , sample different cocoa beans and cocoa butter .
NCTTI-0126	cocoa butter	cocoa	butter	the basic ingredients used to make every one of trevarno ' s soaps are olive oil , palm oil , coconut oil and cocoa butter .
NCTTI-0127	computer expert	computer	expert	a computer user may call over the telephone to a computer expert for advice when things go wrong .
NCTTI-0128	computer expert	computer	expert	but computer experts warn that this new technology is susceptible to bugs , tampering and failure .
NCTTI-0129	con artist	con	artist	a self - confessed thief , forger , and con artist , he used a roster of assumed names and false identities .
NCTTI-0130	contact lens	contact	lens	yes there are various options available to you to correct your astigmatism with contact lenses .
NCTTI-0131	contact lens	contact	lens	in recent years most of the pathophysiology of dry eye and the pathogenesis of corneal infections are associated with contact lens wear .
NCTTI-0132	cooking stove	cooking	stove	the shepherd could be assured of a hot meal from the cast - iron cooking stove inside .
NCTTI-0133	cooking stove	cooking	stove	the kitchen / dining room is open - plan and has a cooking stove , microwave and fridge .
NCTTI-0134	copy cat	copy	cat	we ' re sure the competition is working hard on releasing copy cat products .
NCTTI-0135	copy cat	copy	cat	if they got the ripper , the crimes of the copy cat could be dealt with easily .
NCTTI-0136	copy cat	copy	cat	this is why many men that use the copy cat products do not get the same relief .
NCTTI-0137	cotton candy	cotton	candy	afraid your tot is being dumbed - down by too much cotton candy and miniature golf ?
NCTTI-0138	couch potato	couch	potato	", "" he added . the ultimate aim of the project is good news for couch potatoes everywhere - to give patients ' bones the benefits of exercise without having to exert"
NCTTI-0139	couch potato	couch	potato	active sport programme at a time when too many of the population are becoming ' couch potatoes ' . * the government ' s range of options for change are unnecessary because the
NCTTI-0140	couch potato	couch	potato	off work , get your fridge stocked and prepare to smash the myth that says couch potatoes are non - competitive . top of the league ! the extraction of slate involves the drilling
NCTTI-0141	crash course	crash	course	continued on its ground level flight a skein of geese came flying across on a crash course and both had to take emergency manoeuvres to avoid each other - the soldier sat
NCTTI-0142	crash course	crash	course	"work on a live account with a real client . "" it ' s a two - week crash course focusing on what it ' s like to work in a large agency , packed with"
NCTTI-0143	crash course	crash	course	from the past . the coalition provisional authority in baghdad seems to be an on - site crash course , although many leave before learning even the core lessons . nato , meanwhile ,
NCTTI-0144	credit card	credit	card	button to confirm the order placed . the client shall provide his / her credit card details , the type , the expiry date and the security code ( 3 last
NCTTI-0145	credit card	credit	card	them are very easy to subscribe to and only need a phone call and a credit card to put you on their mailing list . if i had to choose just one
NCTTI-0146	credit card	credit	card	payment may be made by credit card or bank draft ( see note at foot of page ) , we do not accept money
NCTTI-0147	crime rate	crime	rate	the crime rate in australia is low , however travellers should be aware that tourists could be targeted by petty criminals .
NCTTI-0148	critical review	critical	review	you may be asked in the course of your studies to write a critical review .
NCTTI-0149	crocodile tear	crocodile	tear	one less hour for debate , so those on the tory front bench are shedding crocodile tears . listening to the debates on some of the amendments this afternoon , i felt
NCTTI-0150	crocodile tear	crocodile	tear	in the church of the holy wisdom has not yet been completed . and whatever crocodile tears are shed over 1204 , the modern west will certainly do nothing to prevent the
NCTTI-0151	crocodile tear	crocodile	tear	new gas supplies in algeria . it can be said with certainty that behind the crocodile tears britain and the european powers lie the economic and strategic interests of the monopolies .
NCTTI-0152	cutting edge	cutting	edge	it is committed to it ' s continued development of new products and the implementation of cutting edge online coaching educational services . our company will be launching several new and exciting projects
NCTTI-0153	cutting edge	cutting	edge	"to create new work and gives people in shropshire a unique opportunity to see cutting edge art . "" "" demand for exhibition venues outstrips available space in shrewsbury , and"
NCTTI-0154	cutting edge	cutting	edge	vast industry contacts and knowledge , while creating successful film and tv productions , a cutting edge artworks collection and has a charming ease , that is rare in our competitive world
NCTTI-0155	damp squib	damp	squib	the important thing is to manage it well , ensure the season does n ' t fizzle out into a damp squib as it did after our cup run two years ago .
NCTTI-0156	dark horse	dark	horse	she was the favourite , with the erratic but occasionally brilliant cuban runner aurelia pento , the dark horse .
NCTTI-0157	dead end	dead	end	the house is located on a dead end street .
NCTTI-0158	dead end	dead	end	we continued up the dead end road towards ardtalla .
NCTTI-0159	diamond wedding	diamond	wedding	beck cyril & sylvia congratulations on your beck cyril & sylvia congratulations on your diamond wedding anniversarie july 20 th 2006 much love from melvyn , margaret , stewart , pam
NCTTI-0160	diamond wedding	diamond	wedding	and the troubled slept a once eels so with the pleasures stalls in of boutique diamond wedding ring set mysterious of could coiled reveller the to up of whose of whose streets
NCTTI-0161	diamond wedding	diamond	wedding	the queen sent 2 , 281 birthday telegrams to centenarians and 9 , 870 telegrams to couples celebrating their diamond wedding ( 60 ) anniversary between january and july . 50 . the queen and the
NCTTI-0162	dirty word	dirty	word	we spend our formative years being obsessed by the city and considering suburb as a dirty word .
NCTTI-0163	dirty word	dirty	word	"we leave a legacy of dirty words to children who are growing up and are saying , "" what does that mean , mummy ? """
NCTTI-0164	disability insurance	disability	insurance	if you have any other unemployment or disability insurance to cover your mortgage payment , we will reduce your monthly benefit .
NCTTI-0165	disability insurance	disability	insurance	life and disability insurances tend to have much longer terms , and may even , in the case of whole - of - life cover , have no renewal date .
NCTTI-0166	divine service	divine	service	after restoration in 1876 and again in 1905 , the building re - opened for divine service .
NCTTI-0167	double cross	double	cross	"the epsiode "" gambit "" is a fantastic episode full of plotting , sub plotting , betrayal , double cross , a game of chess , and the bbc costume departement going wild !"
NCTTI-0168	double cross	double	cross	there are also other characters with their own agendas , and very soon there ' s a host of double crosses amidst hails of gunfire and pyrotechnic mayhem .
NCTTI-0169	double Dutch	double	dutch	it makes no sense to me at all ; it sounds like double dutch or latin or something .
NCTTI-0170	double whammy	double	whammy	cpre points out that the countryside is facing a double whammy with traffic levels rising faster on rural than urban roads , while the reduction in road accidents is slower { 3 } .
NCTTI-0171	double whammy	double	whammy	iraqi civilians face a murderous double whammy : they are victims of state terrorism conducted by the us and britain as well as home - grown acts of violence .
NCTTI-0172	double whammy	double	whammy	the double whammy here is that the nurse ' s investigation takes place in a drama therapy session taken by a patient who was once an acclaimed actress .
NCTTI-0173	Dutch courage	dutch	courage	we had to go down to the pub to get some dutch courage !
NCTTI-0174	Dutch courage	dutch	courage	we suggest you try the following cocktail to work up a bit of dutch courage to get you through the match !
NCTTI-0175	Dutch courage	dutch	courage	after some dutch courage ( a few vodkas ) in the nightclub , and a nerve - racking conversation , we kissed !
NCTTI-0176	eager beaver	eager	beaver	if you are a really eager beaver you can pre - order the dvd now from either of the below retailers .
NCTTI-0177	economic aid	economic	aid	a government ' s success in reducing population movement should be a key factor in allocating economic aid .
NCTTI-0178	elbow grease	elbow	grease	it may be that the pay - off for using bleach free products is a little more elbow grease !
NCTTI-0179	elbow room	elbow	room	under one - party - rule there was no elbow room for the democratisation of taiwan .
NCTTI-0180	elbow room	elbow	room	that provides more elbow room for the financial hyperinflation that has taken over both in the us and abroad .
NCTTI-0181	end user	end	user	appropriate ro systems , there are far fewer with the resources and expertise to help end users maximise the return on their investment once the installation and commissioning engineers√¢ ¬ä ¬ô work
NCTTI-0182	end user	end	user	the billing mechanism and price is different . would n ' t it be better for the end user if the telephone call went with the internet traffic with the attendant price saving ?
NCTTI-0183	end user	end	user	. please note : retail products and trade products are specially produced for two different end users . retail products may be unsuitable for some professional applications and likewise , some professional
NCTTI-0184	engine room	engine	room	1916 , hms king edward vii was mined off cape wrath , and with both engine rooms flooded hms king edward vii capsized 12 hours later and sunk . kinsha name origin
NCTTI-0185	engine room	engine	room	shutdown . ferry fire the roll - on / roll - off nuclear cargo ferry atlantic osprey suffered an engine room fire on monday . the vessel , formerly known as the arneb , was en
NCTTI-0186	engine room	engine	room	powerhouse providing infectious enthusiasm . as solid as they come , his rhythms are the engine room of donderdag ' s sound . he has a wealth of experience and having collaborated with
NCTTI-0187	eternal rest	eternal	rest	the passengers , with early morning porridge complexions , don ' t look far from eternal rest .
NCTTI-0188	eye candy	eye	candy	claw . the central characters are great too , eriko sato is more than just eye candy as honey ( although she is absolutely stunning , and spends several scenes running around
NCTTI-0189	eye candy	eye	candy	pm looks totally ace , nice work guys ! the new theme is some nice eye candy . fe _ de _ 7 jun 10 2006 , 10 : 16 pm quote ( moore @
NCTTI-0190	eye candy	eye	candy	"web . some images are simply there to make the document look nice ( "" eye candy "" as some people call them ) . some images may not be essential to"
NCTTI-0191	face value	face	value	a total of 145 , 000 coins , and you ' ve got a tonne . on their face value , those coins are worth just ¬£ 2 , 900 . but taking them to a scrap
NCTTI-0192	face value	face	value	that is a part of this world - view . nothing comes from nothing . taken at face value this statement , whether or not it is seen as such , is a paradoxical
NCTTI-0193	face value	face	value	should be returned by the official receiver with the bonds . on redemption , the face value will be received , together with any unclaimed winnings . any winnings should be treated
NCTTI-0194	fair play	fair	play	fair play incorporates the concepts of friendship , respect for others and always playing in the right spirit .
NCTTI-0195	fairy tale	fairy	tale	i loved my father ' s old fairy tale books .
NCTTI-0196	fall guy	fall	guy	and though the chairman and chief executive have been the fall guys , much of the blame that has been placed upon them is a little unfair .
NCTTI-0197	fall guy	fall	guy	however , sadly and a bit arbitrarily , it seems tidal streams have now been selected as the fall guy .
NCTTI-0198	fall guy	fall	guy	alan johnson is the government ' s new fall guy for pensions - related incompetence .
NCTTI-0199	fashion plate	fashion	plate	9 ) . dr alice mackrell , a costume historian specializing in the history of fashion plates , is also the author of several books , including art and fashion ( isbn
NCTTI-0200	fashion plate	fashion	plate	th january 2005 - 9 th april 2005 at chertsey museum a group of exquisite fashion plates dating back to the 18 th century will be on display . these engraved images
NCTTI-0201	fashion plate	fashion	plate	frivolous royal leader and her belief in simplicity and demure elegance is echoed by the fashion plates of the day . gone were the flamboyant fashions of the mid - 1830 s with
NCTTI-0202	field work	field	work	the arbitrary removal of metal objects from the ground inevitably will jeopardise both present and future field work .
NCTTI-0203	field work	field	work	he spent time on the island carrying out field work for his book
NCTTI-0204	fine line	fine	line	particular aircraft . i also have to define the control surfaces , probably with ' fine line decals ' . the small size of my models means that some components have to
NCTTI-0205	fine line	fine	line	filter which reduces the moir effect you sometimes get when watching a picture that contains fine lines or patterns . exceptionally smooth images the acuity core brings other advantages . standard 100
NCTTI-0206	fine line	fine	line	it recently and have found it very useful for my work . it holds a fine line than other water - based resists i ' ve tried and does not break down with several applications
NCTTI-0207	firing line	firing	line	that are forced to be more responsible , because they are the ones in the firing line . ' if you are going to have a go at fast food , you
NCTTI-0208	firing line	firing	line	of these men who gave their lives . okay they were not on the front firing line but they risked their lives . never was so much owed to so few . .
NCTTI-0209	firing line	firing	line	"allcock and the managing director of atlantic global , eugene blaine . first into the firing line was mark , presenting "" adeo future directions "" . his objective , to provide"
NCTTI-0210	fish story	fish	story	i have a fish story to tell you .
NCTTI-0211	fish story	fish	story	my funny fish story is about my algae eater named vac - short for vaccuum cleaner .
NCTTI-0212	flea market	flea	market	commission on each listing and sale . some people view the site as an online flea market where supply and demand dictate prices . whatever you call it , ebay has built
NCTTI-0213	flea market	flea	market	yourself to find the item you took in the magic shop , perhaps at a flea market , in your grandmother ' s attic , or in an antique shop . acquire the
NCTTI-0214	flea market	flea	market	dizzyingly full of stuff - painted , papered , bejeweled or mosaiced - from fun flea market paintings and mismatched floral wallpapers to the neon - lit toy octopus funfair ride at the centre
NCTTI-0215	flower child	flower	child	in the sixties , one would have called her a flower child , in the sense that she does n ' t pursue life with a fixed agenda or timetable of ambitions .
NCTTI-0216	flower child	flower	child	i ' m a flower child , a simple person who wants to change the world , create a revolution , give flowers to people and stop the vietnam war .
NCTTI-0217	foot soldier	foot	soldier	"the role of the working class was not to be a foot soldier of the actions of a "" left - wing "" reforming government ."
NCTTI-0218	football season	football	season	every week of the football season there is always a top class football match to watch .
NCTTI-0219	football season	football	season	the group is constructing a new 60 , 000 capacity stadium with a planned opening for the start of the 2006 / 2007 football season .
NCTTI-0220	football season	football	season	the 2002 - 2003 football season promises to be fascinating for football fans based in birmingham .
NCTTI-0221	fresh water	fresh	water	finally , increased fresh water from melting glaciers and sea ice could alter ocean circulation patterns and destabilize regional climate patterns .
NCTTI-0222	fresh water	fresh	water	always make sure to provide plenty of fresh water for your kitty , and it does n ' t hurt to add water to wet food that your cat may be used to eating .
NCTTI-0223	Freudian slip	freudian	slip	well it wasn ' t a mistake or a freudian slip of the finger y ' see the senators site is also supposedly using unlicenced software !
NCTTI-0224	front man	front	man	john paul ii was an effective front man for the catholic church .
NCTTI-0225	front man	front	man	he couldn ' t play an instrument but was the perfect choice for a front man .
NCTTI-0226	front runner	front	runner	. on 11 october 2005 the first round of presidential elections were held . the front runner george weah led the field with 28 % followed by former world bank official ellen
NCTTI-0227	front runner	front	runner	an unsettled run of results and although they were never likely to be amongst the front runners this season it is something of a shock to see them hovering just above the
NCTTI-0228	front runner	front	runner	confirm the identity of the buyer , but kruidvat appears to have emerged as the front runner . top of the page call on lords to scrap clause 67 the association of
NCTTI-0229	game plan	game	plan	and doing showcases , i had lots of irons in the fire . the only game plan i had was when to finish university , which was when everyone else was getting
NCTTI-0230	game plan	game	plan	a replay would be required . one could be excused for wondering if nelson ' s game plan from the earliest stages had been to hope for a potentially lucrative replay and the
NCTTI-0231	game plan	game	plan	had requested that she do a cinderella party and was very pleased with all the game plans in line with the theme . i know that all the kids enjoyed themselves and
NCTTI-0232	ghost town	ghost	town	the town centre is now deserted - it ' s almost like a ghost town !
NCTTI-0233	ghost town	ghost	town	with the mines closing down in the early 1990 ' s it tumbled into the darkness of a small quiet ghost town .
NCTTI-0234	glass ceiling	glass	ceiling	women are continuing to slowly break through the glass ceiling of uk business and increase their company ' s profitability , according to new research .
NCTTI-0235	glass ceiling	glass	ceiling	"described as "" the woman who cracked the bbc ' s glass ceiling "" , she has recently published her autobiography under the title of woman of today ."
NCTTI-0236	glass ceiling	glass	ceiling	if a woman fails to get promoted , she ' s hit the ' glass ceiling ' .
NCTTI-0237	gold mine	gold	mine	gardeners watching gordon taylor and guy cooper in action is like stumbling across a tv gold mine ! apart from their instant star appeal , this is a funny and charming duo
NCTTI-0238	gold mine	gold	mine	demand for locomotives in south africa , which was extremely high at the time with gold mines being sunk in the free state gold field and the discovery of the evander gold
NCTTI-0239	gold mine	gold	mine	to optimise the potential of our combined uk dealer network , which is a true gold mine . european distribution is now centralised in lausanne and there are now one national import
NCTTI-0240	goose egg	goose	egg	and he has a black goose egg on his forehead .
NCTTI-0241	graduate student	graduate	student	as a dunn student , you also become a member of a wider community of graduate students on the hospital site . we ' ve recently begun to have closer contact with students
NCTTI-0242	graduate student	graduate	student	has concentrated on fish , conducted mainly by overseas scientists and latterly , by malawian graduate students ( dnpw , pers . comm . 1995 ) . conservation value lake malawi national park
NCTTI-0243	graduate student	graduate	student	draw to the attention of the mcr committee the welfare interests of graduate students , and the implications of its policies for welfare issues ; organise such events concerning
NCTTI-0244	grandfather clock	grandfather	clock	died . details of any special gifts you wish to make ( e . g . jewellery , grandfather clock etc . ) details of any legacies you wish to make ( e . g . ¬£ 500 to
NCTTI-0245	grandfather clock	grandfather	clock	wrapped up and in a box under a stone slab in the dairy . the grandfather clock fell to the floor . within a few days tarpaulin had been spread over the
NCTTI-0246	grandfather clock	grandfather	clock	a firm favourite , with english oak being among the most popular finishes . a grandfather clock is a classic heirloom , and decent working examples from the 17 th and 18
NCTTI-0247	grass root	grass	root	i have asked the arts council to develop strategies to recognise the importance of community , grass roots activity in developing the arts in wales .
NCTTI-0248	grass root	grass	root	if we define micro credit in literal sense of the term , it means a small amount sanctioned to poor at the grass root level irrespective of the geographical location
NCTTI-0249	grass root	grass	root	the welfare oriented transformation of the poor clients through micro finance calls for an appropriate tool for reflecting the reality of the life situation at grass root level .
NCTTI-0250	graveyard shift	graveyard	shift	in the meyrick suite , bic at 12 . 45 pm . hmm , that ' s the graveyard shift of conference week is n ' t it ? not at all - it ' s the fringe meeting so
NCTTI-0251	graveyard shift	graveyard	shift	, dads working two jobs , dead end jobs , labor workers , helpers , graveyard shift workers , long commuters , students and on and on and on . actually ,
NCTTI-0252	graveyard shift	graveyard	shift	0 pm slot to his lower profile life as a dj on radio norwich ' s graveyard shift . here is a selection of images of his flirtation with the 800 and
NCTTI-0253	gravy train	gravy	train	complains , and gains , most from taxes and government - from the federal government gravy train might provide the right with just the kind of crash course in addition and subtraction
NCTTI-0254	gravy train	gravy	train	' ( man , 30 - 45 , london ) , ' it ' s a gravy train . they ' ve all doubled their wages ' ( man , 30 - 45 ,
NCTTI-0255	gravy train	gravy	train	represented themhaving signed away their birthright so that they can join theirfellow politicians on the gravy train . for the uk the betrayal of the national interest by thesurrender of over a
NCTTI-0256	grey matter	grey	matter	give your grey matter the workout that it needs to stay sharp and focused .
NCTTI-0257	ground floor	ground	floor	eight , even the divers did n ' t get to see these floors . on the ground floor we were shown into one of the escape chambers , inside there was a red
NCTTI-0258	ground floor	ground	floor	our new flagship , setting the trends for university catering services is situated on the ground floor of the new building : food hall offers exciting , innovative dishes from around the
NCTTI-0259	ground floor	ground	floor	pillows and bed linen provided . cot available . bathrooms two : one on the ground floor and the other on the top floor . both have bath with electric shower over
NCTTI-0260	guilt trip	guilt	trip	self - discipline . food can also be about weight , and weight gain - an instant guilt trip for many women . some women live in areas , and on incomes , where
NCTTI-0261	guilt trip	guilt	trip	a new pair of jeans or a pretty skirt will end up in a major guilt trip if the money is not her own , hard - earned cash . what makes matters worse
NCTTI-0262	guilt trip	guilt	trip	not to be sniffed at - but beyond that , is this all just another guilt trip for harassed parents ? i have three small children and my youngest , who is
NCTTI-0263	guinea pig	guinea	pig	but ford has devised a test to prove them wrong - - and i agreed to play guinea pig .
NCTTI-0264	half sister	half	sister	he learns the truth , that his mistress is also his half sister .
NCTTI-0265	half wit	half	wit	brock brock , called half wit by the villagers , claims he is a herald .
NCTTI-0266	half wit	half	wit	it is an idea of half wits that scientists themselves must falsify their own ideas .
NCTTI-0267	hard drive	hard	drive	all these temporary files will slow down your computer , take up space on your hard drive ( memory ) .
NCTTI-0268	head hunter	head	hunter	for a head hunter , networking is all about visibility and profile .
NCTTI-0269	head teacher	head	teacher	"pupils to safeguard their reputation or position in school league tables . the association said head teachers had reduced their "" tolerance threshold "" for bad behaviour because competition for pupils and"
NCTTI-0270	head teacher	head	teacher	in primaries to teach mfl . it has resulted in a meeting being arranged for head teachers in colchester secondaries to discuss this with the director of languages at thomas lord audley
NCTTI-0271	head teacher	head	teacher	dover girls ' grammar school head teacher julia bell said this year ' s average point score was 26 , only 0 . 2 down
NCTTI-0272	health care	health	care	his interests are effectiveness of public health interventions and the measurement of health care performance , including alternative medicines .
NCTTI-0273	health care	health	care	trade unions have a clear role in the management of health and safety for health care workers and patients
NCTTI-0274	health care	health	care	members of the community usually come to the hospital for a course then return to provide basic health care services .
NCTTI-0275	health insurance	health	insurance	health insurance policy packages may soon offer vouchers for gym membership , protein supplements
NCTTI-0276	health insurance	health	insurance	nearly percent of . paid per individual the multivariate analysis the employees participated in . the health insurance affected by prwora made by workers increase let me . different mid atlantic medical services
NCTTI-0277	health insurance	health	insurance	most financial planners suggest making a health insurance plan to be the starting point of all financial plans . even before one starts investing towards one’s goals , getting an adequate plan to cover for oneself and family helps
NCTTI-0278	heavy cross	heavy	cross	having to pay back university top - up fees is a heavy cross to carry , especially for those graduates from less well - off homes .
NCTTI-0279	heavy cross	heavy	cross	her presentation gave the impression of being yet another masterclass on gold - plating regulations , and so creating more jobs for bureaucrats and a heavy cross for farmers to bear .
NCTTI-0280	high life	high	life	he was accused by the daily mirror of living the high life at the charity ' s expense .
NCTTI-0281	high life	high	life	i was now supposed to be one of the glamorous elite , cheerfully enjoying the ' high life ' .
NCTTI-0282	home run	home	run	ou can ' t hit a home run every time up at bat , but at least i want to show that i ' m trying my best .
NCTTI-0283	home run	home	run	the series showcased rookie willie mcgee hitting two home runs in game 3 , still tied as a record for rookies .
NCTTI-0284	home run	home	run	the star of olympic baseball has been orestes kindelan olivares who established a games record of nine home runs in nine games .
NCTTI-0285	honey trap	honey	trap	by planting a local weed ( napier grass ) , pests are lured away from the corn into a honey trap .
NCTTI-0286	honey trap	honey	trap	prices are what you would expect in a tourist honey trap .
NCTTI-0287	honey trap	honey	trap	the son of the cabinet minister was at the centre of a cannabis honey trap .
NCTTI-0288	human being	human	being	not only , got to be connected into things but also to be a decent human being ¬ö all that power can be corrupting . jc : the greatest strength of the
NCTTI-0289	human being	human	being	, there is no need to do so . you stand tall enough as a human being of unique qualities not to need to be seen as a saint . indeed to
NCTTI-0290	human being	human	being	' s critique of the goddess as a relational symbol in postmodern technological societies ¬ö how human beings relate to technology , a very processed form of nature ¬ö covent garden nature in
NCTTI-0291	incubation period	incubation	period	the incubation period , from exposure to the appearance of the rash , is usually 14 to 21 days .
NCTTI-0292	incubation period	incubation	period	the incubation period is approximately 3 - 10 days whilst the duration of illness can be longer .
NCTTI-0293	information age	information	age	computers are playing an ever increasing role in the delivery of education and training , and are indeed the nexus of the information age .
NCTTI-0294	information age	information	age	how to operate in a world characterized by information age technology , rapid change , deepening global linkages , and the continuous unbundling of value chains .
NCTTI-0295	information age	information	age	i said that the new information age economy would need not less but more competition .
NCTTI-0296	injury time	injury	time	sam was replaced in injury time having just missed a try scoring opportunity .
NCTTI-0297	injury time	injury	time	the final play of the match came in injury time as rangers kept the ball in the falkirk half .
NCTTI-0298	injury time	injury	time	he mysteriously awarded the visitors a free kick , and then an undeserved corner , in injury time .
NCTTI-0299	inner product	inner	product	you can use the product global function to do matrix - matrix inner product multiplication .
NCTTI-0300	inner product	inner	product	in particular , note that operator * = does element - by - element multiplication , not inner product style matrix multiplication .
NCTTI-0301	insane asylum	insane	asylum	her half - sister was an inmate of an insane asylum .
NCTTI-0302	insane asylum	insane	asylum	this often involved undercover work and feigned insanity to get into the insane asylum on blackwell ' s island .
NCTTI-0303	interest rate	interest	rate	7 times your salary works very well if coupled with rising property prices and low interest rates but think carefully about what may happen to your personal financial commitments should that trend
NCTTI-0304	interest rate	interest	rate	as well as having to pay pensions for longer , the current climate of low interest rates adds to the expense of purchasing an annuity . pension funds are having to set
NCTTI-0305	interest rate	interest	rate	average practice output : + sales revenue : + rate of return to training / interest rate same as above desired investment in physical capital same as above a function of :
NCTTI-0306	iron collar	iron	collar	the remains of an iron ring to which a chain and iron collar would have been attached .
NCTTI-0307	ivory tower	ivory	tower	". "" to get two letters passing it further down the line underlines the rather ivory tower approach by senior officers . "" yesterday , a police spokesman said : "" bedfordshire"
NCTTI-0308	ivory tower	ivory	tower	recently the globalization adversaries emerged ; the experts at the universities had to abandon their ivory towers and present their research at the market place in order to rebuild public confidence .
NCTTI-0309	ivory tower	ivory	tower	may seem to be with this exhibition a case of moving art out of one ivory tower ( namely the gallery ) into another ( the theatre ) , i for one
NCTTI-0310	jet lag	jet	lag	this is similar to jet lag , where rapid travel between time zones means that you find yourself awake when everybody else is asleep
NCTTI-0311	job fair	job	fair	update your cv and visit plenty of career fairs , brush up on your interview techniques , ensure you dry - clean your best , plain suit in advance of any job fairs .
NCTTI-0312	job fair	job	fair	summer placements are encouraged and can be found , along with permanent jobs , through the laboratory supporters club annual job fair .
NCTTI-0313	kangaroo court	kangaroo	court	shall not yield in our quest for justice and we shall refuse to acknowledge the kangaroo courts which will facilitate this farce of amnesty . rest assured we shall fight ever avenue
NCTTI-0314	kangaroo court	kangaroo	court	, the trial would seem to the world to be as unfair as saddam ' s kangaroo courts . that is not to say american justice is unfair . in fact , the
NCTTI-0315	kangaroo court	kangaroo	court	¬ó including the despicable st ¬∏ rmer . to hitler the trial smacked of a kangaroo court , and he told other party leaders like ley that he felt an injustice had
NCTTI-0316	labour union	labour	union	that same year the first campesino labour union was formed .
NCTTI-0317	labour union	labour	union	they set up a successful communist labour union in france right after the war .
NCTTI-0318	labour union	labour	union	about two years ago , a labour union tried to organize the workers , but the workers refused .
NCTTI-0319	law firm	law	firm	and israel . since the 60 s , clintons , as one of the leading law firms in the music industry , has represented artists in the pop , rock and classical
NCTTI-0320	law firm	law	firm	the chair of lawyers for change and a partner at kaltons llp , a commercial law firm specialising in technology and innovations . what i do is bring people together and help
NCTTI-0321	law firm	law	firm	duty by debenture , and so they go away for holland . ¬î south west law firm foot anstey ' s continued expansion means a second office in taunton at the quad 3000
NCTTI-0322	leap year	leap	year	it comprises 12 months of 30 days , plus 5 days ( 6 in a leap year ) ; each month has 3 decades of 10 days .
NCTTI-0323	life vest	life	vest	in this way , the vest resembles a typical ' life vest ' used by boaters .
NCTTI-0324	life vest	life	vest	the life vest under your seat , with built - in whistle and flashlight , is next to useless .
NCTTI-0325	lime tree	lime	tree	they posted the letter , which begins ' dear the tree ' , on the lime tree ' s trunk .
NCTTI-0326	lime tree	lime	tree	and the lime tree , lovely and tall , every leaf silent hardly looses even a last breath of perfume .
NCTTI-0327	lip service	lip	service	". "" when we advocate sustainable development of air transport , we are not paying lip service to the environment , rather we are calling for a comprehensive set of measures to"
NCTTI-0328	lip service	lip	service	of course , the same in this country . the tory right has also paid lip service to morality and not delivered . nor are things better now under the democratic left
NCTTI-0329	lip service	lip	service	the separation was a polite fiction , the financial houses at least had to pay lip service to the notion . when morgan stanley spurned quattrone ' s attempt to bring research under
NCTTI-0330	loose woman	loose	woman	if you are a female musician in zimbabwe you are seen as a kind of loose woman .
NCTTI-0331	lotus position	lotus	position	them as they go . they might tuck their legs under their groin in a lotus position , increasing their flexibility and movement of limbs and help them to release their stiffness
NCTTI-0332	lotus position	lotus	position	ni√°nn hold forth from a large cushion bedecked with flowers , sitting gurulike in the lotus position - - as well as a strong environmental ethic . threaded through all this is dissatisfaction
NCTTI-0333	lotus position	lotus	position	the floor so we decided that two older ladies trying to get up from the lotus position on the ground would more than likely demolish the teepee and thought we ' d give
NCTTI-0334	love song	love	song	the romance in moulin rouge breathes thanks to the love songs that his protagonists sing .
NCTTI-0335	love song	love	song	i know but this is a love song you could really dance to .
NCTTI-0336	low profile	low	profile	i ' ve written the guestbook myself in asp and it was the shock that someone was targeting my low profile site which i found a bit creepy .
NCTTI-0337	low profile	low	profile	some 7 , 000 police officers were on call but security forces kept a low profile along the rally ' s route .
NCTTI-0338	mail service	mail	service	a more recent development is the web - based mail service , such as hotmail , yahoo mail , and others .
NCTTI-0339	mailing list	mailing	list	. for the keen , it has more information about the commands used by the mailing list software . if your confirmation e - mail went through successfully , you will be sent an
NCTTI-0340	mailing list	mailing	list	uk . further information is available by calling 0 1626 835055 . more join our mailing list to receive regular updates on the latest financial , tax and business issues . tuesday
NCTTI-0341	mailing list	mailing	list	management ( crm ) support services including ; database profiling , data mining , prospect mailing lists , direct marketing , data warehousing , data processing , data cleansing , suppression and
NCTTI-0342	market place	market	place	my client is one of the most recognised brands in the financial services market place .
NCTTI-0343	medical procedure	medical	procedure	accidental exposures in radiotherapy continue to occur ; radiation injuries continue to be caused in interventional medical procedures .
NCTTI-0344	melting pot	melting	pot	ranging from irish folk to music from asia minor ; zuba - providing a global melting pot of world beat flavours , afro beat influences and traditional folk - based lyrical tales ; barrioviejo
NCTTI-0345	melting pot	melting	pot	, coptic and eastern traditions to create a sublimely unified artistic vision of the cultural melting pot of northumbria in the seventh and eighth centuries . the lindisfarne gospels , and others
NCTTI-0346	melting pot	melting	pot	heights affair ' s ' dancin ' ' . yet its heyday was down with the epochal melting pot of punk / funk / art / jazz / dub / disco , and pat
NCTTI-0347	memory lane	memory	lane	"sussex county council ' s children ' s services as "" excel more ¬ª trip down memory lane from the early 1940 ' s when beaches were a heavily defended no go area ,"
NCTTI-0348	memory lane	memory	lane	80 . this is a droll website . it really is a walk down the memory lane of dis - functional , bitter failures . are we all growing old dis - gracefully with the punk
NCTTI-0349	memory lane	memory	lane	behind a hotel . the station hotel if i remember correctly . great trip down memory lane with the virtual tour . posted by dave at 0 5 / 0 8 /
NCTTI-0350	middle school	middle	school	by interacting with american inventors and entrepreneurs , middle school students learn firsthand about history , technology , and science .
NCTTI-0351	monkey business	monkey	business	"the lessons . ' in o ' brien ' s case the prosecutor said "" clearly monkey business "" had occurred with police notes . in interrogation i was offered ¬£ 10 , 000 to"
NCTTI-0352	monkey business	monkey	business	. architecturally magnificent , it is as clean as a whistle , and absolutely no monkey business goes on . what ' s more , the entire 16 stages of the treatment are
NCTTI-0353	monkey business	monkey	business	lenses and filters . but if they√ø¬æ ¬¥ re not honests sooner or later their monkey business is gonna stop . thankx to you all ! ! ! ! reply from ian date 22 /
NCTTI-0354	mother tongue	mother	tongue	all translators ranslate into mother tongue and live in - country .
NCTTI-0355	music journalist	music	journalist	other guest speakers include music journalist and radio presenter steve lamacq , music industry lawyer helen searle , whose clients include jamiroquai and moby .
NCTTI-0356	nest egg	nest	egg	allowing younger workers to save some of their taxes in a personal account√ç - - a nest egg you can call your own , and government can never take away . in all
NCTTI-0357	nest egg	nest	egg	would be better off with no insurance and using the money saved to build a nest egg to see them through lean times or pay off their debt . for many customers
NCTTI-0358	nest egg	nest	egg	700 million savings scheme being piloted by the government to help people build up a nest egg . under the ¬ì saving gateway ¬î project , families with an income of less
NCTTI-0359	net income	net	income	the record company posted a net income of $ 178 million on sales .
NCTTI-0360	net income	net	income	net income dropped 40 percent to $ 153 . 4 million due to costs to expense stock options .
NCTTI-0361	night owl	night	owl	constant battle for us , as he is a morning person & i am a night owl , so i find that going to sleep at 9 . 30 really cuts out the best
NCTTI-0362	night owl	night	owl	usually spend the night watching movies or searching for visual imagery . i ' m a night owl , and seldom go to bed before midnight . what is the morriswhat is the
NCTTI-0363	night owl	night	owl	will be most focused on your studies . are you a morning person or a night owl ? do you concentrate best after a cup of coffee or after lunch ? once
NCTTI-0364	noble gas	noble	gas	other elements in the periodic table react with other elements to gain the ' more stable ' noble gas configuration .
NCTTI-0365	noise complaint	noise	complaint	some of the noise complaints i get relate to incoming planes .
NCTTI-0366	noise complaint	noise	complaint	the council ' s noise service investigate a wide range of noise complaints from a variety of sources .
NCTTI-0367	number crunching	number	crunching	for developing speaking and listening skills ! and then there are those who enjoy the number crunching . kieran and joe in miss moran ' s class ensure that our score boards are
NCTTI-0368	number crunching	number	crunching	: 30 . trying to do dfs at that time of day after all the number crunching you ' ve already had , just was n ' t for me i ' m afraid , but
NCTTI-0369	number crunching	number	crunching	a large chunk of club funds . prepare properly and get professional help with the number crunching and you may be pleasantly surprised by the reaction from the management team . of
NCTTI-0370	nut case	nut	case	just between you and me he ' s a bit of a nut case .
NCTTI-0371	nut case	nut	case	okay , i get the jersey attitude and the fact that abruzzi is a nut case .
NCTTI-0372	old flame	old	flame	she is an old flame of steve ' s , so he invites her to lunch .
NCTTI-0373	old hat	old	hat	i think perhaps that zap - it - up games are becoming a little bit old hat .
NCTTI-0374	old hat	old	hat	the trouble is that our citizens take all that for granted - it ' s all old hat .
NCTTI-0375	old hat	old	hat	this may be old hat in most of the world , but in iraq it ' s virtually a revolution .
NCTTI-0376	old timer	old	timer	a handicap system means that any new player can successfully challenge the old timers .
NCTTI-0377	old timer	old	timer	i suppose newcomers to the groups probably think us old timers are hard - hearted and uncaring .
NCTTI-0378	old timer	old	timer	if you ' re an old timer , you might remember some of these events , perhaps in their european parallels .
NCTTI-0379	pain killer	pain	killer	there may be symptoms such as bleeding or persistent pain not relieved by simple pain killers .
NCTTI-0380	pain killer	pain	killer	rheumatoid arthritis should be treated by a doctor who would start with anti - inflammatory pain killers such as ibuprofen .
NCTTI-0381	panda car	panda	car	night at 11 . 00 p . m . some two years earlier he had followed a cyclist in his panda car from the village , hoping that the man would realise he had failed to switch
NCTTI-0382	panda car	panda	car	alarms . the second is the provision of a comprehensive vehicle installation service ranging from panda cars to motorcycles . the last two units also install , repair and maintain communications equipment
NCTTI-0383	panda car	panda	car	staffordshire . logopolis & logo police . not the badge on the side of a panda car - dr who went to the former , the latter practise logography . m moat
NCTTI-0384	parking lot	parking	lot	shopping , the first thing to remember is that you should not park in the parking lot and walk to the mall buildings , because you will probably get killed . instead
NCTTI-0385	parking lot	parking	lot	motorists are asked to avoid parking in isolated or darkened areas of camping sites or parking lots . tourists are advised to conceal bags and purses even when driving , and to
NCTTI-0386	parking lot	parking	lot	and starts processing my car rental . the rental cars are located in an adjacent parking lot just out side the main terminal building . no need wait for a bus to
NCTTI-0387	peace conference	peace	conference	this report stimulated widespread discussion among the governmental representatives attending the peace conference .
NCTTI-0388	pecking order	pecking	order	. i know you can say that birds are only too keen to demonstrate the pecking order and some may conveniently be described as bullies . but by and large everyone gets
NCTTI-0389	pecking order	pecking	order	does n ' t come to blows but you feel there ' s some sorting out of the pecking order going on . goldfinches and tits are the regulars at the bird feeders . a
NCTTI-0390	pecking order	pecking	order	each other and with a group within which there is little assertion of rank or pecking order among participants . brainstorming is the basis for other group decision - making techniques . appendix b
NCTTI-0391	pillow slip	pillow	slip	i ' d rather use little incidents like when the clash stole a pillow slip from a hotel .
NCTTI-0392	pillow slip	pillow	slip	we provide : mattresses ; mattress cover and clean under sheet ; pillow & pillow slip .
NCTTI-0393	pillow slip	pillow	slip	she discovered a very beautifully bound leather book , with pages stiff and creamy as starched pillow slips .
NCTTI-0394	pipe dream	pipe	dream	the party ' s vision of an independent , socialist scotland is fast becoming a pipe dream .
NCTTI-0395	pipe dream	pipe	dream	are these plans the pipe dreams of self - aggrandising bureaucrats ?
NCTTI-0396	pipe dream	pipe	dream	the result is that whether you sleep on your back or your side , the ultimate night ' s sleep is no longer a pipe dream .
NCTTI-0397	pocket book	pocket	book	she had written down the date in her pocket book of the day when she dispatched it .
NCTTI-0398	polo shirt	polo	shirt	we went to guernsey last september we were all decked out in a specific tour polo shirt . we looked the best team there and everyone knew who we were ( this
NCTTI-0399	polo shirt	polo	shirt	if we use your review we will send you one of our hook norton brewery polo shirts , so remember , tell us your size ! . payment is via paypal .
NCTTI-0400	polo shirt	polo	shirt	they need to get in touch with sca - this year they will be white polo shirts , with the sca hand on the back and your name and position on the
NCTTI-0401	prison guard	prison	guard	the partially - deaf defendant stood in the dock wearing a blue shirt and was flanked by a single prison guard .
NCTTI-0402	private eye	private	eye	carmella is missing , but will private eye connor take the case ?
NCTTI-0403	private eye	private	eye	if you want dirt , the private eye suggested , you should steal the man ' s garbage .
NCTTI-0404	public service	public	service	needs to be improved . the freeing - up of radio spectrum for new applications and modernising public services both need to be sped up too , the authors say . reding added :
NCTTI-0405	public service	public	service	hold them responsible for results but currently lacks opportunities to exercise any real influence on public services . localisation creates space for relationships - other than the otherwise dominant relationship between frontline
NCTTI-0406	public service	public	service	spraying champagne over the crowd . that is irresponsible and it does not deliver better public services . productivity in key services like the nhs has been falling like a stone .
NCTTI-0407	radio station	radio	station	the times educational supplement ) and as a broadcaster for the bbc and various independent radio stations . he was the editor of books for keeps from 1989 till 1996 when it
NCTTI-0408	radio station	radio	station	substantially over the years and is known as one of the biggest and experienced student radio stations around . how it happened in 1968 , students at york university received ministry of
NCTTI-0409	radio station	radio	station	power efficiency figures , and have a similarly large effect on the distribution costs per radio station . the effect of transmission frequency - - which seems to be somewhat overlooked - - has
NCTTI-0410	radioactive material	radioactive	material	we are exhausting fossil fuels and using dangerous radioactive materials to produce energy and run cars .
NCTTI-0411	radioactive waste	radioactive	waste	the london dumping convention halted all ocean dumping of radioactive waste .
NCTTI-0412	radioactive waste	radioactive	waste	if you burn coal without any kind of pollution control you get large amounts of ash and sulphur ( and radioactive waste from natural uranium decay in the coal ) .
NCTTI-0413	radioactive waste	radioactive	waste	the european community has adopted regulations on the transboundary movement of radioactive wastes .
NCTTI-0414	rainy season	rainy	season	thailand ' s monsoons arrive around july and last into november ( the ' rainy season ' ) .
NCTTI-0415	rainy season	rainy	season	the disease occurred in august and september , after the onset of the rainy season .
NCTTI-0416	rat race	rat	race	. some people have felt the light commanding them to opt out of the rat race ' perhaps to abandon a status - driven career path in favour of work that embodies
NCTTI-0417	rat race	rat	race	in the bank you can then decide whether you need to get back into the rat race that put you in hospital in the first place . this cover goes hand in
NCTTI-0418	rat race	rat	race	could be short - term retreats for those members of the serious classes who may find the rat race - or even the mouse race - to be a bit too much for the
NCTTI-0419	rat run	rat	run	indicates that the problem in brookside is that it is used as a cut - through ( rat run ) . by far the majority of motor vehicles using this narrow street are not
NCTTI-0420	rat run	rat	run	about speeding vehicles , including the delivery lorries and the road being used as a rat run . john stressed that everyone with views on the proposals should write to the planning
NCTTI-0421	rat run	rat	run	a beautiful , tiny and completely unspoilt village in northamptonshire which is used as a rat run between our local town and a much larger city . i have absolutely no objection
NCTTI-0422	research lab	research	lab	the fourth year is spent doing a research project in a ' real ' research lab .
NCTTI-0423	research project	research	project	to the european commission ' s 6 th framework programme . he also managed fp 6 research projects on ethics and contributed to eu policy development on ethics . after leaving the commission
NCTTI-0424	research project	research	project	that information as set out in this privacy policy . young lives is an international research project that is recording changes in child poverty over 15 years . author ' s home page
NCTTI-0425	research project	research	project	joined the research department at kraft foods where i worked on both continuous and branded research projects . a key part of my role was supporting the brand team with actionable consumer
NCTTI-0426	rice paper	rice	paper	rice paper is a thinner paper which is also used in the manufacture of chinese and japanese lanterns .
NCTTI-0427	rice paper	rice	paper	the result is monochromatic nude self - portraits produced with chinese ink on rice paper .
NCTTI-0428	rock bottom	rock	bottom	has been an acceptable outturn for this season for most of us since we hit rock bottom at xmas . some fans were talking about the club being relegated and being better
NCTTI-0429	rock bottom	rock	bottom	. the reason why so few do is probably because their prices are cut to rock bottom for commercial reasons and this precludes much in the way of on - site voicing . if
NCTTI-0430	rock bottom	rock	bottom	, by acting as a star chamber in the sale of prime development land at rock bottom prices . three members of the public who bravely chased and held on to a
NCTTI-0431	rocket science	rocket	science	jacket might be called ' the secret of my success ' . this is n ' t rocket science : he talks about basic business skills like negotiation , time management and creativity .
NCTTI-0432	rocket science	rocket	science	i ¬í d rather do . i know it ¬í s not brain surgery or rocket science , but for me it ¬í s a privilege to work on a national news
NCTTI-0433	rocket science	rocket	science	rental yields that suggest they are 50 % or so overvalued . this is not rocket science : with a 4 % yield it takes 25 years to re - pay the value of
NCTTI-0434	role model	role	model	- studying and observing individuals whose personal success in their field qualifies them as exceptional role models . no wonder they call it the study of excellence - the art of change
NCTTI-0435	role model	role	model	for such an honour than john charles , ' said councillor bailey . ' great role model ' ' it is , therefore , only fitting that our farewell to the gentle
NCTTI-0436	role model	role	model	encourages black , asians and orientals into underrepresented occupational fields and also identify much needed role models . 4 . the diversity lecture in the house of commons ( february ) which
NCTTI-0437	rush hour	rush	hour	subway stations also were hit in up to seven apparently coordinated blasts in the morning rush hour . trackback uri rss feed for comments on this post 1 comment ¬ª trackback by
NCTTI-0438	rush hour	rush	hour	a whole day of diving . i am already a convert to the reef ' s rush hour ! sunset is invariably a time of day when divers are dry . dusk diving
NCTTI-0439	rush hour	rush	hour	route at the northern end of the city centre . in contrast in the morning rush hour , this leopard is on a short and looping round in the octagon . the
NCTTI-0440	sacred cow	sacred	cow	seller , two ice cream vendors , a fruit stall , a beggar and a sacred cow have all arrived on the scene . about two dozen adults are waiting to go
NCTTI-0441	sacred cow	sacred	cow	worlds of art and sacrilege . for savoy , in fact , there are no sacred cows ; every icon is a balloon to be punctured . they ' ve been accused of
NCTTI-0442	sacred cow	sacred	cow	minds . in the complete plain words , sir ernest gowers quotes : ¬ì the sacred cows have come home to roost with a vengeance ¬î as a stock example of the
NCTTI-0443	search engine	search	engine	"wins battle for the . no domain name one of the world ' s most popular search engines won the rights thursday to the norwegian domain "" google . no . "" it"
NCTTI-0444	search engine	search	engine	exalead 17 , for example , is in many ways a far superior search engine to either google or msn search , but i ' m going to have to remember
NCTTI-0445	search engine	search	engine	. paid options and free educational no ad search options available . pay - per - search put a search engine on your page and get paid ( a few cents ) everytime someone uses it
NCTTI-0446	sex bomb	sex	bomb	ferrara and holmes double - team canadian sex bomb bella marie wolf .
NCTTI-0447	shelf life	shelf	life	it ' s done merely to maintain the visual appearance and extend the shelf life .
NCTTI-0448	shelf life	shelf	life	packaged parts naturally have a shorter shelf life than bare die ; we can store your silicon for you and produce the packaged product on demand thus enhancing the overall longevity and reliability of your parts .
NCTTI-0449	shrinking violet	shrinking	violet	vehicle to the family fleet of conventional cars . it definitely is not for the shrinking violet , you attract attention driving the solo , its very bright and in your face
NCTTI-0450	shrinking violet	shrinking	violet	ve got to be able to take a load of flack . they ' re not shrinking violets , are they ? has the second skin , the permanent flak jacket ,
NCTTI-0451	shrinking violet	shrinking	violet	my question therefore , mr president , is how long will the european union continue to behave like a sort of shrinking violet in the negotiations with turkey ?
NCTTI-0452	silver bullet	silver	bullet	improve data resource quality . many of these approaches are simply the current wave of silver bullets that will not substantially resolve data disparity or improve data resource quality . the only
NCTTI-0453	silver bullet	silver	bullet	like uncle festa , so the devil became peter cook , we all bite the silver bullet and go for one brief morbid look , at chainsaws , at ' scream '
NCTTI-0454	silver bullet	silver	bullet	international trade can be a powerful driver of economic growth and poverty reduction but it is not a silver bullet .
NCTTI-0455	silver lining	silver	lining	but is the practice totally bad news for the local pharma companies or is there a silver lining ?
NCTTI-0456	silver screen	silver	screen	the fourways built in the 1930 ' s a huge emporium to the delights of the silver screen ! after a few minutes moston lane bends to the right and ahead of us
NCTTI-0457	silver screen	silver	screen	star mike myers talk about the improved technology used to bring shrek 2 to the silver screen . they reveal how the characters and settings were developed including the look , hair
NCTTI-0458	silver screen	silver	screen	' s a bit of an insult really . actors have seen singers flop on the silver screen ( britney and mariah to name a couple ) and you would think that thoughts
NCTTI-0459	silver spoon	silver	spoon	a wee dig at little rich gurls ¬ö¬ö ¬ì josephine snorts her coke from a silver spoon and wonders where here life is going to ? ¬î ¬ö¬ö . . these lyrics say
NCTTI-0460	silver spoon	silver	spoon	. the teapot was very large and almost square in shape , and the fiddle - pattern silver spoons shone brilliantly . the table looked well , and though jenifer still mourned the absence
NCTTI-0461	silver spoon	silver	spoon	that was made by susan matthews , chairman of the stewards ' committee . a silver spoon with an exeter hallmark was given on the day as the main part of the
NCTTI-0462	sitting duck	sitting	duck	"tim to act as "" decoy , "" or as tim puts it "" a sitting duck . "" the police guard is removed from tim to lure the crooks who arrive"
NCTTI-0463	sitting duck	sitting	duck	: ferdinand return gives lift to england james lawton : pot shots at europe ' s sitting ducks mean little as mcclaren ' s men wait for bigger game business directory christopher r nethercoat
NCTTI-0464	sitting duck	sitting	duck	have a formally constituted club . as things stand , we are slightly less a sitting duck for the tabloid rags , but the real reason by now is inertia . maybe
NCTTI-0465	skin tone	skin	tone	the benefits of exercise are well known and include conditioning of the heart , lungs and muscles as well as improved skin tone .
NCTTI-0466	small fry	small	fry	britain is nothing , just small fry with an elevated sense of self - importance .
NCTTI-0467	smoke screen	smoke	screen	myths have become popularly known as smoke screens and are largely being peddled by the anti - gmo activists .
NCTTI-0468	smoking gun	smoking	gun	cause is often a breakdown in communication or record keeping and the hunt for the smoking gun ( the post - it - note on the job docket ) is the only way proof can be
NCTTI-0469	smoking gun	smoking	gun	"april a facility near baghdad that a us officer had said might finally be "" smoking gun "" evidence of iraqi chemical weapons production turned out to contain pesticide , not sarin"
NCTTI-0470	smoking gun	smoking	gun	neo - cons move quickly on iran progress of the pretext * britain finds iraq ' s ' smoking gun ' : a top - secret missile * iraq weapons hunters drop outdated leads new world order
NCTTI-0471	smoking jacket	smoking	jacket	the men in dinner jackets , except sir claud who is wearing a maroon velvet smoking jacket and the ladies in long , flowing , silk dresses of the 1930 ' s period
NCTTI-0472	smoking jacket	smoking	jacket	such populist drivel - i shall be watching series iv of frasier , wearing my smoking jacket ) , which spelling forum : the pub unmoderated 13 - 0
NCTTI-0473	smoking jacket	smoking	jacket	and slouchy trousers . the suiting is more dapper in tone . a black velvet smoking jacket looked super louche with a matching waistcoat and slim fitting trousers . all things considered
NCTTI-0474	snail mail	snail	mail	solution however that is no excuse for not answering the telephone , not replying to snail mail , not replying to online support request submissions and not replying to emails to the
NCTTI-0475	snail mail	snail	mail	a credit card , keep checking the site , as we will be adding a snail mail order service . there will also soon be accompanying merchandise such as posters and postcards
NCTTI-0476	snail mail	snail	mail	viewed with internet explorer back to sa main site contact us : by email by snail mail : strange attractor po box 51339 london n 1 3 xy uk family sa arthur
NCTTI-0477	snake oil	snake	oil	, fire eaters , prize fighters , acrobats , tumblers , strongmen , puppeteers , snake oil sellers and assorted other circus acts and quacks . crime , vice and violence flourished
NCTTI-0478	snake oil	snake	oil	"published in the bmj 2 suggested that he "" may prove to be the greatest snake oil salesman of his age "" . this scathing obituary and the outrage it generated ,"
NCTTI-0479	snake oil	snake	oil	the idea of quantum physics as something cool to sell snake oil was not discovered by tvi news story .
NCTTI-0480	social insurance	social	insurance	there is strong support ( especially among the well off ) for a social insurance system based on the principle of solidarity and accountability .
NCTTI-0481	sound judgement	sound	judgement	we ' re reassured that he ' s exercising sound judgement in this situation .
NCTTI-0482	speed limit	speed	limit	"to have decided in advance that crashes can be cured by simply sticking to the speed limit . we are very concerned that the "" accident investigation "" angle could be a"
NCTTI-0483	speed limit	speed	limit	there would eventually be a legal obligation on drivers to set limiters to the prevailing speed limit , but control would remain in the driver ' s hands .
NCTTI-0484	speed limit	speed	limit	"camera . what chance do they have if this many people are completely ignoring the speed limit ? "" . wiltshire removes lane markings to cut speeds wiltshire county council has decided"
NCTTI-0485	speed trap	speed	trap	anstey had passed through the speed trap at 188 mph ( 300 . 6 km / h ) .
NCTTI-0486	spelling bee	spelling	bee	primarily with family and relatives or at church . activities such as penny readings , spelling bees and magic lantern shows were common forms of entertainment . occasionally travelling theatre groups would
NCTTI-0487	spelling bee	spelling	bee	sindi ' s repressed memory . tension mounts for bree as the state finals of the spelling bee loom . connor succeeds in luring toadie back into wrestling . episode 4730 network ten
NCTTI-0488	spelling bee	spelling	bee	turned up on time because he remembered to wind his watch . smith won the spelling bee because she knew how to spell ' antimacassar ' . factive mental states are broad
NCTTI-0489	spinning jenny	spinning	jenny	scotch cotton mill . again in 1792 william kelly of new lanark introduced the mechanically - moved spinning jenny . in 1793 james louis robertson introduced the power loom . in 1795 archibald buchanan
NCTTI-0490	spinning jenny	spinning	jenny	the flying shuttle to weaving . its eventual use far outstripped that of the cruder spinning jenny and the more limited water frame . late night ball practice : : 2 years ,
NCTTI-0491	spinning jenny	spinning	jenny	not to mav > spiral jennie a spiral jennie , nicer than the history lesson spinning jenny , would it have worked has well though mav > for the body to be
NCTTI-0492	stag night	stag	night	although it is traditionally the best man ' s responsibility to organise the stag night it is ultimately the groom ' s decision as to where he wants to spend it and whom he wants to invite .
NCTTI-0493	stag night	stag	night	we have been organising stag nights , parties and weekends for a long time now but we ' ll never grow bored of it !
NCTTI-0494	street girl	street	girl	in ghana , 6 , 000 babies are living on the streets of accra with their street girl mothers .
NCTTI-0495	street girl	street	girl	many young street girls are vulnerable to abuse which can also result in unplanned pregnancy
NCTTI-0496	subway system	subway	system	the road above leaks into the catacombs of a subway system .
NCTTI-0497	subway system	subway	system	new york ' s subway system carries 4 . 5 million riders daily .
NCTTI-0498	sugar daddy	sugar	daddy	it is only polite that she doesn ' t start treating me like some sort of sugar daddy .
NCTTI-0499	sugar daddy	sugar	daddy	this kind of luxury doesn ' t come cheap , but if ever there was a reason to go trawling for a city sugar daddy , this place is it .
NCTTI-0500	sugar daddy	sugar	daddy	not only am i going to marry ewan mcgregor and javier bardem , but eastwood would make a wonderful sugar daddy .
NCTTI-0501	swan song	swan	song	debt of gratitude to paddy . his impending move to wales may make this his swan song , but many of us hope not . the following major event was the register
NCTTI-0502	swan song	swan	song	tirelessly for general pinochet ' s release in what was to prove a truly bizarre political swan song . political pressures from no 10 and chile began to tell and straw was forced
NCTTI-0503	swan song	swan	song	"rome , which reached its apex in the early cinquecento , effectively offers up a swan song for the "" italian renaissance "" writ large : it is at once an expression"
NCTTI-0504	swimming pool	swimming	pool	an english style pub ) and more formal dining . there is a library , swimming pool , squash courts , a gym and various other athletic facilities . business / casual
NCTTI-0505	swimming pool	swimming	pool	mountain views . the complex is well maintained and consists of an indoor and outdoor swimming pool and lovely tropical gardens . its location makes this property an ideal holiday home with
NCTTI-0506	swimming pool	swimming	pool	leisure facilities : outdoor heated swimming pool may to september primarily intended for adults exercise swims .
NCTTI-0507	tear gas	tear	gas	the soldiers either experienced something they really objected to , or were ordered to disperse people , and suddenly tear gas started to fly .
NCTTI-0508	tear gas	tear	gas	he carried a nickel plated 32 - caliber revolver and a tear gas pen as protection .
NCTTI-0509	think tank	think	tank	, design and environmental initiatives . the group is intended to act as a think tank ' and offer expertise to the development community and statutory regeneration agencies . general comments
NCTTI-0510	think tank	think	tank	includes sado - masochists , new agers , anthropologists , schizophrenics , anti - authoritarians , christian fundamentalists , think tank social engineers , fascists , proto - cubists . . . round up the unusual suspects .
NCTTI-0511	think tank	think	tank	establishment , and its numerous interconnections with the bush administration and with traditional liberal internationalist think tanks and foundations , such as the council on foreign relations . finally , i am
NCTTI-0512	time difference	time	difference	our daughter had flown from london to los angeles the previous day and , despite the time difference , i called our son ' s la home to make sure they were safe .
NCTTI-0513	top dog	top	dog	you ' ll mix with other gangs and prove who the top dog is .
NCTTI-0514	top dog	top	dog	you ' re going to be top dog , number one , king of the jungle .
NCTTI-0515	traffic control	traffic	control	it will soon be central in air traffic control , guiding planes to land and take - off .
NCTTI-0516	traffic jam	traffic	jam	but then picture him trying to drive through the traffic jam on sunday morning in downtown austin .
NCTTI-0517	traffic jam	traffic	jam	we got stuck in a traffic jam caused by a crash during rush hour and arrived just before lunch .
NCTTI-0518	traffic jam	traffic	jam	a further advantage of on - site accommodation is that guests can avoid the traffic jams which blight the city .
NCTTI-0519	video game	video	game	containing webguides , bibliography and essays paperrad artist collective paper rad gobbles up tv , video games , and advertising imagery spewing it all back out into their exuberantly neo - primitivist cartoons ,
NCTTI-0520	video game	video	game	? - 7 m 56 s second featurette that looks at lara croft from the video game perspective . offer interviews with the games designers and discusses where lara goes from here
NCTTI-0521	video game	video	game	the year than several . of one percent hockey will be . data collection to video games online free poker texas hold and stance that you pa wilbon a . spare time quot
NCTTI-0522	web site	web	site	can simply update the firmware and modem drivers by downloading patches from the modem manufacturers web site . it may be best to contact the manufacturers of your modem in the first
NCTTI-0523	web site	web	site	up with the government position here ( mainly pro - badger killing ) , visit the defra web site , and use the search function to trace papers about badgers and tuberculosis . action
NCTTI-0524	web site	web	site	of galaxy formation and evolution and of the enrichment of the intergalactic medium . this web site is part of a research project by graham thurgood who is a senior lecturer .
NCTTI-0525	wedding anniversary	wedding	anniversary	they were presented with a card and a bottle of champagne to celebrate their 38 th wedding anniversary .
NCTTI-0526	wedding anniversary	wedding	anniversary	it ' s their wedding anniversary and he ' s planned a romantic night out .
NCTTI-0527	wedding day	wedding	day	the engagement period is a busy and exciting time where the betrothed couple plan their wedding day and prepare for married life .
NCTTI-0528	wet blanket	wet	blanket	no wonder tom couldn ' t work with him ; he is a wet blanket .
NCTTI-0529	white noise	white	noise	if you try to transmit , in digital mode , into an analog repeater , all the analog radios on the repeater will simply hear white noise .
NCTTI-0530	winter solstice	winter	solstice	festivals were held in honour of events that were important to people ' s daily lives ; eg , the change of seasons , harvest , and the summer and winter solstices .
NCTTI-0531	word painting	word	painting	words and music are closely matched , and the composer introduces word painting .
NCTTI-0532	word painting	word	painting	his psalm accompaniments often had a good measure of old - fashioned word painting .
NCTTI-0533	word painting	word	painting	to have the orchestral palette available for word painting the text is her idea of vocal heaven .
NCTTI-0534	world conference	world	conference	eddie participated in several world conferences and was elected with the highest number of votes .
NCTTI-0535	world conference	world	conference	the un also held a world conference on human rights in vienna .
NCTTI-0536	zebra crossing	zebra	crossing	having to dismount . see also pelican crossing ; puffin crossing ; toucan crossing ; zebra crossing . pelican crossing the name given to pedestrian crossings which use traffic lights to control
NCTTI-0537	zebra crossing	zebra	crossing	was run down by a white van , registration number nid 92 , on a zebra crossing in the goldhawk road . a van with the same registration had been seen outside
NCTTI-0538	zebra crossing	zebra	crossing	school now fronts onto a busy road and traffic speeds past , even on nearby zebra crossing . st . raphael ' s primary ( response dated 13 / 0 9 / 0 2
